{
  "core/services/ServiceLocator.cs": 1776550924.5285096,
  "gameplay/weapons/ProjectileManager.cs": 1776913206.4968777,
  "CLAUDE.md": 1776309630.8543718,
  "AGENTS.md": 1776466626.2325149,
  "docs/All_Space_Project_Vision.md": 1776302890.1621063,
  "docs/feature_spec-fleet_command.md": 1776464543.533192,
  "docs/core_spec.md": 1776309630.8547618,
  "docs/feature_spec-ai_patrol_behavior.md": 1776309630.8549488,
  "docs/feature_spec-camera_system.md": 1776309630.8549488,
  "docs/feature_spec-chunk_streamer.md": 1776309630.8551772,
  "docs/feature_spec-physics_and_movement.md": 1776309630.8552682,
  "docs/feature_spec-ship_system.md": 1776549439.8515248,
  "docs/feature_spec-weapons_and_projectiles.md": 1776309630.8558035,
  "docs/feature_spec-nav_controller.md": 1776464620.796896,
  "docs/feature_spec-performance_monitor.md": 1776473412.8585346,
  "docs/decisions_log.md": 1776824668.6980603,
  "docs/feature_spec-game_event_bus_signals.md": 1776824622.4684658,
  "docs/agent_brief.md": 1776824645.5122693,
  "docs/development_guide.md": 1776824781.808896,
  "docs/feature_spec-star_field.md": 1776906792.4340384,
  "graphify-out/GRAPH_REPORT.md": 1777084039.0598068,
  "graphify-out/graph.html": 1777084047.930999,
  "addons/godot_ai/README.md": 1777081908.1223402,
  "icon.svg": 1776303838.8921955,
  "assets/blender/Fighter Base Color.png": 1775789297.7271988,
  "assets/blender/textures/Fighter Base Color.png": 1775785513.645011,
  "assets/textures/debug/grid.png": 1776741094.6922941,
  "content/ships/axum-fighter-1/model_Fighter Base Color.png": 1775789853.949312,
  "images/crew/crew-engineer-1.jpeg": 1776911061.1111128,
  "images/crew/crew-engineer-2.jpeg": 1776911242.508473,
  "images/crew/crew-engineer-3.jpeg": 1776911259.6235437,
  "images/crew/crew-engineer-4.jpeg": 1776911549.916627,
  "images/crew/crew-engineer-5.jpeg": 1776911561.298863,
  "images/crew/crew-engineer-6.jpeg": 1776911572.4508736,
  "images/crew/crew-engineer-7.jpeg": 1776911747.1401396,
  "images/crew/crew-engineer-8.jpeg": 1776912125.548933,
  "images/crew/crew-engineer-9.jpeg": 1776912139.5871522,
  "images/crew/crew-engineer-10.jpeg": 1776912662.9106367,
  "images/crew/crew-engineer-11.jpeg": 1776912678.0266035,
  "images/crew/crew-engineer-12.jpeg": 1776912718.4436202,
  "images/crew/crew-navigator-12.jpeg": 1776912917.0857177,
  "images/crew/crew-navigator-1.jpeg": 1776913028.058089,
  "images/crew/crew-navigator-13.jpeg": 1776913042.5839748,
  "images/crew/crew-navigator-3.jpeg": 1776913187.5428662,
  "images/crew/crew-navigator-2.jpeg": 1776913200.0694273,
  "images/crew/crew-navigator-4.jpeg": 1776913211.9098809,
  "images/crew/crew-navigator-5.jpeg": 1776913386.528989,
  "images/crew/crew-navigator-6.jpeg": 1776913399.9019976,
  "images/crew/crew-navigator-7.jpeg": 1776913408.4703217,
  "images/crew/crew-captain-1.jpeg": 1776913571.2451084,
  "images/crew/crew-soldier-1.jpeg": 1776913590.2491207,
  "images/crew/crew-soldier-2.jpeg": 1776913609.1531332,
  "images/crew/crew-captain-2.jpeg": 1776913629.1681464,
  "images/crew/crew-captain-3.jpeg": 1776913649.7961602,
  "images/crew/crew-captain-4.jpeg": 1776913660.8881676,
  "images/crew/crew-captain-5.jpeg": 1776913672.016175,
  "images/crew/crew-random-1.jpeg": 1776913799.7501311,
  "images/crew/crew-random-2.jpeg": 1776913813.2769675,
  "images/crew/crew-random-3.jpeg": 1776913831.4990206,
  "images/crew/crew-pilot-1.jpeg": 1776913875.1546044,
  "images/crew/crew-pilot-2.jpeg": 1776913890.0051396,
  "images/crew/crew-pilot-3.jpeg": 1776913913.943982,
  "images/crew/crew-pilot-4.jpeg": 1776913925.418941,
  "images/crew/crew-pilot-5.jpeg": 1776913938.8280478,
  "images/crew/crew-pilot-6.jpeg": 1776913948.453317
}