{
  "core/services/ServiceLocator.cs": 1776550924.5285096,
  "gameplay/weapons/ProjectileManager.cs": 1777520339.4435747,
  "AGENTS.md": 1777520339.4279585,
  "CLAUDE.md": 1777520339.4279585,
  "feature_spec-star_field.md": 1777520339.442559,
  "docs/All_Space_Project_Vision.md": 1776302890.1621063,
  "docs/feature_spec-fleet_command.md": 1776464543.533192,
  "docs/core_spec.md": 1776309630.8547618,
  "docs/feature_spec-ai_patrol_behavior.md": 1776309630.8549488,
  "docs/feature_spec-camera_system.md": 1776309630.8549488,
  "docs/feature_spec-chunk_streamer.md": 1776309630.8551772,
  "docs/feature_spec-physics_and_movement.md": 1776309630.8552682,
  "docs/feature_spec-ship_system.md": 1776549439.8515248,
  "docs/feature_spec-weapons_and_projectiles.md": 1776309630.8558035,
  "docs/feature_spec-nav_controller.md": 1776464620.796896,
  "docs/feature_spec-performance_monitor.md": 1776473412.8585346,
  "docs/decisions_log.md": 1777523897.0877318,
  "docs/development_guide.md": 1777520339.4423609,
  "docs/feature_spec-combat_vfx.md": 1777520339.442559,
  "docs/feature_spec-game_event_bus_signals.md": 1777520339.442559,
  "docs/feature_spec-star_field.md": 1777520339.442559,
  "docs/feature_spec-star_system.md": 1777520339.442559,
  "docs/phase_plan-combat_vfx.md": 1777520339.442559,
  "docs/feature_spec-ui_design.md": 1777521662.351162,
  "docs/agent_brief.md": 1777523875.2977312,
  "assets/fonts/Orbitron,Share_Tech_Mono/Orbitron/OFL.txt": 1777523152.0,
  "assets/fonts/Orbitron,Share_Tech_Mono/Orbitron/README.txt": 1777523152.0,
  "assets/fonts/Orbitron,Share_Tech_Mono/Share_Tech_Mono/OFL.txt": 1777523152.0,
  "graphify-out/GRAPH_REPORT.md": 1777685004.416479,
  "graphify-out/graph.html": 1777685009.7191172,
  "icon.svg": 1776303838.8921955,
  "assets/blender/Fighter Base Color.png": 1775789297.7271988,
  "assets/blender/textures/Fighter Base Color.png": 1775785513.645011,
  "assets/textures/debug/grid.png": 1777520339.4378116,
  "content/ships/axum-fighter-1/model_Fighter Base Color.png": 1775789853.949312
}