{
  "core/services/ServiceLocator.cs": 1776550924.5285096,
  "gameplay/weapons/ProjectileManager.cs": 1776686770.977395,
  "CLAUDE.md": 1776309630.8543718,
  "AGENTS.md": 1776466626.2325149,
  "docs/All_Space_Project_Vision.md": 1776302890.1621063,
  "docs/feature_spec-game_event_bus_signals.md": 1775969829.1233854,
  "docs/feature_spec-fleet_command.md": 1776464543.533192,
  "docs/core_spec.md": 1776309630.8547618,
  "docs/feature_spec-ai_patrol_behavior.md": 1776309630.8549488,
  "docs/feature_spec-camera_system.md": 1776309630.8549488,
  "docs/feature_spec-chunk_streamer.md": 1776309630.8551772,
  "docs/feature_spec-physics_and_movement.md": 1776309630.8552682,
  "docs/feature_spec-ship_system.md": 1776549439.8515248,
  "docs/feature_spec-weapons_and_projectiles.md": 1776309630.8558035,
  "docs/feature_spec-nav_controller.md": 1776464620.796896,
  "docs/feature_spec-performance_monitor.md": 1776473412.8585346,
  "docs/decisions_log.md": 1776687477.465962,
  "docs/agent_brief.md": 1776687510.586048,
  "docs/development_guide.md": 1776687517.1410644,
  "graphify-out/GRAPH_REPORT.md": 1776736488.898471,
  "graphify-out/graph.html": 1776736698.349642,
  "icon.svg": 1776303838.8921955,
  "assets/blender/Fighter Base Color.png": 1775789297.7271988,
  "assets/blender/textures/Fighter Base Color.png": 1775785513.645011,
  "content/ships/axum-fighter-1/model_Fighter Base Color.png": 1775789853.949312
}